[
  {
    "id": 1,
    "cooperativa": "test",
    "ruta": "Manta - Quito",
    "hora_salida": "7:00 AM",
    "hora_llegada": "?",
    "precio_base": 13.5,
    "asientos": [
      [
        "L",
        "L",
        "R",
        "R"
      ],
      [
        "L",
        "L",
        "L",
        "L"
      ],
      [
        "L",
        "L",
        "L",
        "L"
      ],
      [
        "L",
        "L",
        "L",
        "L"
      ],
      [
        "L",
        "L",
        "L",
        "L"
      ],
      [
        "L",
        "L",
        "L",
        "L"
      ],
      [
        "L",
        "L",
        "L",
        "L"
      ],
      [
        "L",
        "L",
        "L",
        "L"
      ],
      [
        "L",
        "L",
        "L",
        "L"
      ],
      [
        "L",
        "L",
        "L",
        "L"
      ]
    ],
    "asientos_disponibles": 40
  }
]